{
    "Company Name": "McDonald",
    "Sentiment": "Pro-Israel",
    "Percentage": {
        "P": 0,
        "I": 100,
        "N": 0
    },
    "Confidence": 99.91843104362488,
    "Title_1": "McDonald targeted by pro - Palestinian activist as dozens of rats let loose",
    "URL_1": "https://www.lbc.co.uk/news/man-lets-rats-loose-mcdonalds-birmingham/",
    "Title_2": "Pro - Palestine activists block entrance to military tech factory",
    "URL_2": "https://www.dailymail.co.uk/news/article-12676787/pro-palestine-activists-israel-hamas-war.html",
    "Title_3": "McDonald Indonesia Skips Mentioning Palestine and Gaza",
    "URL_3": "https://en.republika.co.id/berita/s2v3v6393/mcdonalds-indonesia-skips-mentioning-palestine-and-gaza"
}