﻿URL,MobileURL,Date,Title
"https://www.workers.org/2023/11/74590/","https://www.workers.org/2023/11/74590/amp/","2023-11-04 02:30:00","Factors fueling the world solidarity with Gaza – Workers World"
"https://www.popstaronline.com/pop-talk-rachel-ziegler-marks-relationship-milestone-billie-eilish-hangs-out-with-her-exs-ex-timothee-chalamet-supports-gf-kylie-jenner-and-more/","","2023-11-03 20:30:00","POP TALK ! - Rachel Ziegler Marks Relationship Milestone , Billie Eilish Hangs Out With Her Ex Ex , Timothee Chalamet Supports GF Kylie Jenner , And More ! "
"https://www.yahoo.com/news/5-things-know-nov-3-103922335.html","https://news.yahoo.com/amphtml/news/5-things-know-nov-3-103922335.html","2023-11-03 13:45:00","5 things to know for Nov . 3 : Israel , Crypto , Trump fraud trial , Chemical ban , Holiday shopping"
"https://www.newsweek.com/disney-faces-uphill-battle-marvels-boycott-1840364","","2023-11-03 09:30:00","Disney Faces Uphill Battle"
"https://www.foxnews.com/lifestyle/mom-recounts-last-call-daughter-believed-taken-hamas","https://www.foxnews.com/lifestyle/mom-recounts-last-call-daughter-believed-taken-hamas.amp","2023-11-02 21:30:00","Mom recounts last call with daughter believed to be taken by Hamas"
"http://www.christiannewswire.com/news/8802687619.html","","2023-11-02 21:30:00","Hamas Draws Widespread Left - Wing Support - Christian Newswire"
"https://keyt.com/news/national-world/cnn-national/2023/11/02/5-things-to-know-for-nov-2-israel-trump-family-economy-france-power-outages-world-series-2/","","2023-11-02 16:15:00","5 things to know for Nov . 2 : Israel , Trump family , Economy , France power outages , World Series"
"https://www.politico.eu/article/mice-with-that-man-arrested-rodents-release-mcdonalds-pro-palestine-protest/","","2023-11-02 13:30:00","Mice with that ? Man arrested after rodents released into McDonald in pro - Palestinian protest – POLITICO"
"https://www.zerohedge.com/markets/us-futures-global-markets-jump-after-dovish-powell-hints-rate-hikes-ending","","2023-11-02 13:00:00","US Futures , Global Markets Jump After Dovish Powell Hints Rate Hikes Ending"
"https://abc17news.com/news/national-world/cnn-national/2023/11/02/5-things-to-know-for-nov-2-israel-trump-family-economy-france-power-outages-world-series/","","2023-11-02 12:45:00","5 things to know for Nov . 2 : Israel , Trump family , Economy , France power outages , World Series"
"https://www.cnn.com/2023/11/02/us/5-things-to-know-for-nov-2-israel-trump-family-economy-france-power-outages-world-series/","https://amp.cnn.com/cnn/2023/11/02/us/5-things-to-know-for-nov-2-israel-trump-family-economy-france-power-outages-world-series/index.html","2023-11-02 11:15:00","5 things to know for Nov . 2 : Israel , Trump family , Economy , France power outages , World Series"
"https://www.workers.org/2023/11/74500/","https://www.workers.org/2023/11/74500/amp/","2023-11-02 02:30:00","Marxist Youth League  firmly sides with the Palestinian people  – Workers World"
"https://finance.yahoo.com/news/column-ceos-threading-needle-talking-100049499.html","https://finance.yahoo.com/amphtml/news/column-ceos-threading-needle-talking-100049499.html","2023-11-01 19:15:00","Column : How CEOs are threading the needle in talking about Israel and Gaza"
"https://www.news-gazette.com/news/nation-world/stock-market-today-wall-street-edges-lower-ahead-of-fed-decision-on-interest-rates/article_59856a55-9a3b-5a54-afff-6716fdfc3539.html","","2023-11-01 13:30:00","Stock market today : Wall Street edges lower ahead of Fed decision on interest rates"
"https://www.latimes.com/business/story/2023-11-01/ceos-are-speaking-out-about-israel-and-hamas-but-it-may-get-tougher-from-now-on","","2023-11-01 12:15:00","Hiltzik : The complexities of taking a stand on the Mideast"
"https://foxwilmington.com/headlines/protester-dumps-box-of-mice-painted-in-palestinian-flag-colors-into-mcdonalds-restaurant/","","2023-11-01 05:00:00","Protester dumps box of mice painted in Palestinian flag colors into McDonald restaurant"
"https://www.foxnews.com/media/protester-dumps-box-mice-painted-palestinian-flag-colors-mcdonalds-restaurant","https://www.foxnews.com/media/protester-dumps-box-mice-painted-palestinian-flag-colors-mcdonalds-restaurant.amp","2023-11-01 02:00:00","Protester dumps box of mice painted in Palestinian flag colors into McDonald restaurant"
"https://www.mymotherlode.com/news/national/3255414/stock-market-today-asian-shares-trade-mixed-as-investors-look-ahead-to-economic-data.html","","2023-10-31 09:45:00","Stock market today : Asian shares trade mixed as investors look ahead to economic data"
"https://www.heraldbulletin.com/news/nation_world/stock-market-today-asian-shares-trade-mixed-as-investors-look-ahead-to-economic-data/article_49022d82-bc7f-54d2-af8b-3f9306cb4e14.html","","2023-10-31 09:15:00","Stock market today : Asian shares trade mixed as investors look ahead to economic data"
"https://www.wfmz.com/news/ap/ap-business/stock-market-today-asian-shares-trade-mixed-as-investors-look-ahead-to-economic-data/article_8a004633-275f-54f6-94e0-2fe4aeea5851.html","","2023-10-31 08:30:00","Stock market today : Asian shares trade mixed as investors look ahead to economic data"
"https://www.sandiegouniontribune.com/business/nation/story/2023-10-30/stock-market-today-asian-shares-trade-mixed-as-investors-look-ahead-to-economic-data","","2023-10-31 07:15:00","Stock market today : Asian shares trade mixed as investors look ahead to economic data"
"https://www.wowktv.com/news/ap-stock-market-today-asian-shares-trade-mixed-as-investors-look-ahead-to-economic-data/","https://www.wowktv.com/news/u-s-world/ap-stock-market-today-asian-shares-trade-mixed-as-investors-look-ahead-to-economic-data/amp/","2023-10-31 07:15:00","Stock market today : Asian shares trade mixed as investors look ahead to economic data"
"https://www.chronicleonline.com/news/world/stock-market-today-asian-shares-trade-mixed-as-investors-look-ahead-to-economic-data/article_8ced9855-a4ad-5fd0-99ae-94cb53829200.html","","2023-10-31 07:00:00","Stock market today : Asian shares trade mixed as investors look ahead to economic data"
"https://www.local10.com/business/2023/10/31/stock-market-today-asian-shares-trade-mixed-as-investors-look-ahead-to-economic-data/","","2023-10-31 07:00:00","Stock market today : Asian shares trade mixed as investors look ahead to economic data"
"https://www.eagletribune.com/region/stock-market-today-asian-shares-trade-mixed-as-investors-look-ahead-to-economic-data/article_7f925340-3530-55b9-add5-4fe03785a4b9.html","","2023-10-31 07:00:00","Stock market today : Asian shares trade mixed as investors look ahead to economic data"
"https://www.smdailyjournal.com/business/stock-market-today-asian-shares-mostly-fall-as-investors-look-ahead-to-economic-data/article_0d10f593-ce1c-5c2a-9b1d-9fad9c9b0376.html","","2023-10-31 07:00:00","Stock market today : Asian shares mostly fall as investors look ahead to economic data"
"https://www.somerset-kentucky.com/ap/business/stock-market-today-asian-shares-mostly-fall-as-investors-look-ahead-to-economic-data/article_2fe48809-69b5-5fcb-88b7-fff810fb6498.html","","2023-10-31 07:00:00","Stock market today : Asian shares mostly fall as investors look ahead to economic data"
"https://finance.yahoo.com/news/stock-market-today-asian-shares-062424859.html","https://finance.yahoo.com/amphtml/news/stock-market-today-asian-shares-062424859.html","2023-10-31 07:00:00","Stock market today : Asian shares trade mixed as investors look ahead to economic data"
"https://www.mykxlg.com/news/world/stock-market-today-asian-shares-mostly-fall-as-investors-look-ahead-to-economic-data/article_6dda292d-9efa-5123-8610-f64400e10daf.html","","2023-10-31 06:45:00","Stock market today : Asian shares mostly fall as investors look ahead to economic data"
"https://www.bdtonline.com/news/nation_world/stock-market-today-asian-shares-mostly-fall-as-investors-look-ahead-to-economic-data/article_3ba8804e-4fab-5004-aa44-d7c34fc28c7e.html","","2023-10-31 06:45:00","Stock market today : Asian shares mostly fall as investors look ahead to economic data"
"https://santamariatimes.com/news/world/stock-market-today-asian-shares-mostly-fall-as-investors-look-ahead-to-economic-data/article_95bc61b5-ffe7-5245-80f6-b4849707304d.html","https://santamariatimes.com/news/world/stock-market-today-asian-shares-mostly-fall-as-investors-look-ahead-to-economic-data/article_95bc61b5-ffe7-5245-80f6-b4849707304d.amp.html","2023-10-31 06:45:00","Stock market today : Asian shares mostly fall as investors look ahead to economic data"
"https://www.ksat.com/business/2023/10/31/stock-market-today-asian-shares-trade-mixed-as-investors-look-ahead-to-economic-data/","","2023-10-31 06:45:00","Stock market today : Asian shares trade mixed as investors look ahead to economic data"
"https://www.journal-news.com/nation-world/stock-market-today-asian-shares-mostly-fall-as-investors-look-ahead-to-economic-data/YPHQGIK4YZETLKVY3AR7TTG2XY/","https://www.daytondailynews.com/nation-world/stock-market-today-asian-shares-mostly-fall-as-investors-look-ahead-to-economic-data/YPHQGIK4YZETLKVY3AR7TTG2XY/?outputType=amp","2023-10-31 06:15:00","Stock market today : Asian shares mostly fall as investors look ahead to economic data"
"https://www.swoknews.com/ap/business/stock-market-today-asian-shares-mostly-fall-as-investors-look-ahead-to-economic-data/article_993f8c2f-ecd8-5df1-97d8-61dd1e975138.html","","2023-10-31 06:15:00","Stock market today : Asian shares mostly fall as investors look ahead to economic data"
"https://www.bozemandailychronicle.com/ap_news/business/stock-market-today-asian-shares-mostly-fall-as-investors-look-ahead-to-economic-data/article_7cb4c377-7bd5-52cf-b442-d3bf26cded9a.html","https://www.bozemandailychronicle.com/ap_news/business/stock-market-today-asian-shares-mostly-fall-as-investors-look-ahead-to-economic-data/article_7cb4c377-7bd5-52cf-b442-d3bf26cded9a.amp.html","2023-10-31 06:00:00","Stock market today : Asian shares mostly fall as investors look ahead to economic data"
"https://www.idahopress.com/news/world/stock-market-today-asian-shares-mostly-fall-as-investors-look-ahead-to-economic-data/article_4247e861-7655-5923-8be2-74756a32af22.html","https://www.idahopress.com/news/world/stock-market-today-asian-shares-mostly-fall-as-investors-look-ahead-to-economic-data/article_4247e861-7655-5923-8be2-74756a32af22.amp.html","2023-10-31 06:00:00","Stock market today : Asian shares mostly fall as investors look ahead to economic data"
"https://www.springfieldnewssun.com/nation-world/stock-market-today-asian-shares-mostly-fall-as-investors-look-ahead-to-economic-data/YPHQGIK4YZETLKVY3AR7TTG2XY/","https://www.daytondailynews.com/nation-world/stock-market-today-asian-shares-mostly-fall-as-investors-look-ahead-to-economic-data/YPHQGIK4YZETLKVY3AR7TTG2XY/?outputType=amp","2023-10-31 06:00:00","Stock market today : Asian shares mostly fall as investors look ahead to economic data"
"https://www.idahostatejournal.com/news/world/stock-market-today-asian-shares-mostly-fall-as-investors-look-ahead-to-economic-data/article_5426eaf1-4f01-532b-a5e0-54f2664f01e7.html","https://www.idahostatejournal.com/news/world/stock-market-today-asian-shares-mostly-fall-as-investors-look-ahead-to-economic-data/article_5426eaf1-4f01-532b-a5e0-54f2664f01e7.amp.html","2023-10-31 06:00:00","Stock market today : Asian shares mostly fall as investors look ahead to economic data"
"https://qz.com/stock-market-today-asian-shares-mostly-fall-as-investo-1850971655","","2023-10-31 04:45:00","Stock market today : Asian shares mostly fall as investors look ahead to economic data"
"https://isp.netscape.com/pf/story/0001/20231031/0eca785717b3e8564611cd79966ac4ec","","2023-10-31 04:45:00","Stock market today : Asian shares mostly fall as investors look ahead to economic data"
"https://www.thesunchronicle.com/business/stock-market-today-asian-shares-mostly-fall-as-investors-look-ahead-to-economic-data/article_d5adbb09-7cdf-59d0-b867-0cb3d6e490cd.html","","2023-10-31 04:15:00","Stock market today : Asian shares mostly fall as investors look ahead to economic data"
"https://www.chronicleonline.com/news/world/stock-market-today-asian-shares-mostly-fall-as-investors-look-ahead-to-economic-data/article_c37d929b-fdec-54aa-a2c6-dd3f0b98e4de.html","","2023-10-31 03:45:00","Stock market today : Asian shares mostly fall as investors look ahead to economic data"
"https://www.journalgazette.net/business/wall-street-recovers-some-losses-after-falling-10-from-its-summertime-high/article_cd80d572-6b88-59cd-95dc-166521a21de5.html","","2023-10-31 01:00:00","Wall Street recovers some losses after falling 10 % from its summertime high"
"https://tvnewscheck.com/business/article/dow-climbs-511-nasdaq-rises-146-sp-adds-49/","","2023-10-31 00:45:00","Dow Climbs 511 , Nasdaq Rises 146 , S & P Adds 49"
"https://observer-reporter.com/ap/business/wall-street-recovers-some-losses-after-falling-10-below-its-summertime-high/article_5fb691a9-db7e-5d3d-9df7-9f2104ab5d7e.html","https://observer-reporter.com/ap/business/wall-street-recovers-some-losses-after-falling-10-below-its-summertime-high/article_5fb691a9-db7e-5d3d-9df7-9f2104ab5d7e.amp.html","2023-10-30 22:45:00","Wall Street recovers some losses after falling 10 % below its summertime high"
"https://www.washtimesherald.com/news/national_news/stock-market-today-wall-street-recovers-some-losses-after-falling-10-below-its-summertime-high/article_8c0d63e7-ec04-5846-a946-f8532791e7fb.html","","2023-10-30 21:45:00","Stock market today : Wall Street recovers some losses after falling 10 % below its summertime high"
"https://www.mankatofreepress.com/news/state_national_news/stock-market-today-wall-street-recovers-some-losses-after-falling-10-below-its-summertime-high/article_99128156-9f89-5fc2-afc4-88ec5d0224be.html","https://www.mankatofreepress.com/news/state_national_news/stock-market-today-wall-street-recovers-some-losses-after-falling-10-below-its-summertime-high/article_99128156-9f89-5fc2-afc4-88ec5d0224be.amp.html","2023-10-30 21:30:00","Stock market today : Wall Street recovers some losses after falling 10 % below its summertime high"
"https://thebusinessjournal.com/stock-market-today-wall-street-recovers-some-losses-after-falling-10-below-its-summertime-high/","","2023-10-30 21:15:00","Stock market today : Wall Street recovers some losses after falling 10 % below its summertime high"
"https://www.dailyindependent.com/national/stock-market-today-wall-street-recovers-some-losses-after-falling-10-below-its-summertime-high/article_8a91e05c-c787-5771-bd12-b2285c367aa2.html","","2023-10-30 21:15:00","Stock market today : Wall Street recovers some losses after falling 10 % below its summertime high"
"https://www.richmondregister.com/ap/business/stock-market-today-wall-street-recovers-some-losses-after-falling-10-below-its-summertime-high/article_7d75e80c-e4de-5884-8f1e-e87fb67d30b6.html","","2023-10-30 21:00:00","Stock market today : Wall Street recovers some losses after falling 10 % below its summertime high"
"https://www.bostonreview.net/articles/the-free-speech-exception/","","2023-10-30 20:00:00","The Free Speech Exception - Boston Review"
"https://www.joplinglobe.com/region/national_business/stock-market-today-wall-street-recovers-some-losses-after-falling-10-below-its-summertime-high/article_bd5e0f71-a90e-520b-9f26-67449a359018.html","","2023-10-30 18:30:00","Stock market today : Wall Street recovers some losses after falling 10 % below its summertime high"
"https://www.mykxlg.com/news/national/stock-market-today-wall-street-recovers-some-losses-after-falling-10-below-its-summertime-high/article_6dda292d-9efa-5123-8610-f64400e10daf.html","","2023-10-30 18:00:00","Stock market today : Wall Street recovers some losses after falling 10 % below its summertime high"
"https://mynorthwest.com/3937181/stock-market-today-wall-street-recovers-some-losses-after-falling-10-below-its-summertime-high/","","2023-10-30 15:45:00","Stock market today : Wall Street recovers some losses after falling 10 % below its summertime high"
"https://www.nvdaily.com/associated_press_national/stock-market-today-wall-street-recovers-some-losses-after-falling-10-below-its-summertime-high/article_c70d96ee-3a65-5691-bc30-ab08b061a9c7.html","","2023-10-30 15:00:00","Stock market today : Wall Street recovers some losses after falling 10 % below its summertime high"
"https://www.chronicleonline.com/news/national/stock-market-today-wall-street-recovers-some-losses-after-falling-10-below-its-summertime-high/article_c37d929b-fdec-54aa-a2c6-dd3f0b98e4de.html","","2023-10-30 14:30:00","Stock market today : Wall Street recovers some losses after falling 10 % below its summertime high"
"https://www.investing.com/news/economy/futures-higher-hsbc-share-buybacks-evergrande-reprieve--whats-moving-markets-3213325","https://m.investing.com/news/economy/futures-higher-hsbc-share-buybacks-evergrande-reprieve--whats-moving-markets-3213325?ampMode=1","2023-10-30 13:15:00","Futures higher , HSBC share buybacks , Evergrande reprieve - what moving markets By Investing . com"
"https://www.yankton.net/news/national_ap/article_202c724a-9342-5729-bce6-2db94e10f0c9.html","","2023-10-30 13:15:00","Stock market today : Wall Street points higher ahead of Fed interest rate decision , more earnings"
"https://redstate.com/nick-arama/2023/10/29/protests-in-ny-chant-support-for-hamas-damage-cop-cars-even-vandalize-statue-of-washington-n2165657","","2023-10-29 15:45:00","Protesters in NYC Chant Support for Hamas , Damage Cop Cars , Even Vandalize Washington Statue"
"https://www.dailydot.com/news/starbucks-palestine-boycott-backfires/","https://www.dailydot.com/news/starbucks-palestine-boycott-backfires/?amp","2023-10-28 14:30:00","Pro - Palestine Customer Disappointed After Boycotting Starbucks"
"https://www.vox.com/world-politics/23935054/boycott-movement-palestine-against-israel-bds","","2023-10-28 13:15:00","Israel - Hamas war : What is the boycott , divestment , and sanctions movement ? "
"https://www.wsws.org/en/articles/2023/10/28/chii-o28.html","","2023-10-28 04:30:00","Students and workers speak out against Israeli genocide in Gaza at IYSSE meeting in Chicago"
"https://www.snopes.com/news/2023/10/27/starbucks-union-support-hamas-palestine/","","2023-10-28 00:45:00","Does the Starbucks Employee Union Support Hamas ? "
"https://theintercept.com/2023/10/26/axel-springer-fires-employee-israel/","","2023-10-27 23:15:00","Axel Springer Fires Lebanese Employee Who Questioned Pro - Israel Stance"
"https://www.phillyvoice.com/muslim-arab-harassment-israel-hamas-hate-crimes-philadelphia/","https://www.phillyvoice.com/muslim-arab-harassment-israel-hamas-hate-crimes-philadelphia/amp/","2023-10-27 22:15:00","Muslim and Arab communities in Philly face increased harassment after Israel - Hamas war"
"https://www.peoplesworld.org/article/starbucks-exploits-gaza-war-to-step-up-union-busting/","","2023-10-27 20:30:00","Starbucks exploits Gaza war to step up union - busting"
"https://www.wgmd.com/anti-israel-protester-calls-for-nike-boycott-but-her-sneakers-tell-a-different-tale/","","2023-10-27 01:45:00","Anti - Israel protester calls for Nike boycott , but her sneakers tell a different tale"
"https://twitchy.com/coucy/2023/10/26/anti-israel-protestor-nike-n2389029","https://twitchy.com/coucy/2023/10/26/anti-israel-protestor-nike-n2389029/amp","2023-10-27 00:30:00","Anti - Israeli Protestor : Do As I Say , Not As I Do"
"https://news.yahoo.com/wave-people-tearing-down-posters-215044904.html","","2023-10-26 22:15:00","A Wave Of People Are Tearing Down Posters Of Missing Israelis"
"https://www.naturalnews.com/2023-10-26-coke-cuts-ties-blm-over-hamas-support.html","","2023-10-26 18:30:00","Coca - Cola CUTS TIES with Black Lives Matter over activist group support of Hamas – NaturalNews . com"
"https://dailycaller.com/2023/10/25/anti-israel-protester-demands-nike-boycott-while-literally-wearing-nikes/","","2023-10-26 01:45:00","Anti - Israel Protester Demands Nike Boycott While Literally Wearing Nikes"
"https://www.workers.org/2023/10/74274/","https://www.workers.org/2023/10/74274/amp/","2023-10-26 01:15:00","Unions say ,  Divest from the Israeli war machine  – Workers World"
"https://fortune.com/2023/10/25/fortune-most-powerful-women-summit-laphonza-butler-mellody-hobson-bela-bejaria-interviews/","https://fortune.com/2023/10/25/fortune-most-powerful-women-summit-laphonza-butler-mellody-hobson-bela-bejaria-interviews/amp/","2023-10-26 01:00:00","Fortune CEO shares conversation highlights from the 2023 Most Powerful Women Summit"
"https://www.dailydot.com/news/birth-tourism-tiktok-trend/","https://www.dailydot.com/news/birth-tourism-tiktok-trend/?amp","2023-10-26 01:00:00","Latino Tiktoker Calls Out  Birth Tourism  Trend"
"https://www.dailydot.com/news/starbucks-israel-palestine-boycott/","https://www.dailydot.com/news/starbucks-israel-palestine-boycott/?amp","2023-10-26 01:00:00","Starbucks Barista Says Pro - Palestine Boycott Is Taking Effect"
"https://paloaltoonline.com/news/2023/10/25/students-parents-urge-palo-alto-unified-to-show-solidarity-against-antisemitism","","2023-10-25 20:30:00","Students , parents urge Palo Alto Unified to show solidarity against antisemitism"
"https://qz.com/emails/daily-brief/1850955339/a-recession-in-europe-s-biggest-economy","","2023-10-25 16:45:00","Manufacturing numbers suggest a recession is on in Germany"
"https://www.cracked.com/image-pictofact-10394-30-fast-food-facts-that-are-in-fact-digestible","","2023-10-25 12:15:00","30 Fast Food Facts That Are , In Fact , Digestible"
"https://qz.com/emails/daily-brief/1850955184/xi-goes-to-the-bank","","2023-10-25 02:00:00","Xi Jinping made his first known visit to China central bank"
"https://qz.com/where-alphabet-disney-and-other-major-brands-rank-on-1850951861","","2023-10-24 19:45:00","Here where major brands rank on a new  purpose  scorecard"
"https://finance.yahoo.com/news/israel-latest-test-ceos-most-172621994.html","https://finance.yahoo.com/amphtml/news/israel-latest-test-ceos-most-172621994.html","2023-10-24 18:15:00","Israel is the latest test for CEOs and most are passing"
"https://www.centralmoinfo.com/syndicated-article/?id=1532374","","2023-10-24 14:30:00","Companies from Starbucks to McDonald face controversy amid Israel - Hamas war"
"https://www.madrock1025.com/syndicated-article/?id=1532374","","2023-10-24 14:30:00","Companies from Starbucks to McDonald face controversy amid Israel - Hamas war"
"https://www.wjol.com/syndicated-article/?id=1532374","","2023-10-24 14:15:00","Companies from Starbucks to McDonald face controversy amid Israel - Hamas war"
"http://www.hngn.com/articles/253245/20231023/israel-hamas-conflict-ceos-companies-under-pressure-over-responses.htm","https://www.hngn.com/amp/articles/253245/20231023/israel-hamas-conflict-ceos-companies-under-pressure-over-responses.htm","2023-10-23 22:30:00","Israel - Hamas Conflict : CEOs , Companies Under Pressure Over Responses"
"https://www.news8000.com/lifestyle/money/companies-workers-face-fallout-israel-hamas-war-opinions/article_e45f8fc8-a3db-58ba-bebf-0061969d9bf2.html","","2023-10-23 20:15:00","Companies face fallout over Israel - Hamas war opinions | Money"
"https://journalstar.com/news/nation-world/business/companies-workers-face-fallout-israel-hamas-war-opinions/article_cdac233c-0261-58fe-be7c-d5021ff1812e.html","","2023-10-23 20:15:00","Companies face fallout over Israel - Hamas war opinions"
"https://nonpareilonline.com/news/state-regional/business/starbucks-sues-iowa-union-over-social-media-posts-on-israel-hamas-conflict/article_bfc7672b-e0e4-569c-b4a7-edda3ea02996.html","","2023-10-23 10:30:00","Starbucks sues Iowa union over social - media posts on Israel - Hamas conflict"
"https://www.insurancejournal.com/news/national/2023/10/23/745156.htm","https://amp.insurancejournal.com/news/national/2023/10/23/745156.htm","2023-10-23 07:15:00","Companies Grapple With the Fallout of Speaking Up About the Israel - Hamas War"
"https://www.columbian.com/news/2023/oct/22/company-bosses-and-workers-grapple-with-fallout-of-speaking-up-about-israel-hamas-war/","","2023-10-23 04:00:00","Company bosses and workers grapple with fallout of speaking up about Israel - Hamas war"
"https://www.benzinga.com/news/large-cap/23/10/35365716/voicing-opinions-on-israel-hamas-conflict-a-double-edged-sword-for-businesses","https://www.benzinga.com/amp/content/35365716","2023-10-22 18:30:00","Voicing Opinions On Israel - Hamas Conflict : A Double - edged Sword For Businesses - Alphabet ( NASDAQ : GOOGL ), Goldman Sachs Gr ( NYSE : GS ) "
"https://www.thegazette.com/news/week-in-iowa-oct-16-2023-recap-of-news-from-across-the-state/","","2023-10-22 11:30:00","Week in Iowa , Oct . 16 , 2023 : Recap of news from across the state"
"https://www.havasunews.com/nation/company-bosses-and-workers-grapple-with-the-fallout-of-speaking-up-about-the-israel-hamas/article_4321d003-adf0-55dd-9d69-7de898c51fdf.html","","2023-10-22 09:00:00","Company bosses and workers grapple with the fallout of speaking up about the Israel - Hamas war"
"https://www.arkansasonline.com/news/2023/oct/22/fallout-from-war-spilling-over-into-us-workplaces/","","2023-10-22 08:15:00","Fallout from war spilling over into U . S . workplaces"
"https://www.yahoo.com/lifestyle/starbucks-allegedly-encouraged-boycott-unionized-031935445.html","https://www.yahoo.com/amphtml/lifestyle/starbucks-allegedly-encouraged-boycott-unionized-031935445.html","2023-10-22 04:30:00","Starbucks Allegedly Encouraged Boycott Of Unionized Stores"
"https://www.nbcchicago.com/news/national-international/company-bosses-and-workers-grapple-with-the-fallout-of-speaking-up-about-the-israel-hamas-war/3257147/","https://www.nbcchicago.com/news/national-international/company-bosses-and-workers-grapple-with-the-fallout-of-speaking-up-about-the-israel-hamas-war/3257147/?amp=1","2023-10-21 22:45:00","Fallout from speaking up about Israel - Hamas war affects company bosses , workers – NBC Chicago"
"https://www.wyff4.com/article/company-bosses-and-workers-grapple-with-the-fallout-of-speaking-up-about-the-israel-hamas-war/45603594","https://www.wyff4.com/amp/article/company-bosses-and-workers-grapple-with-the-fallout-of-speaking-up-about-the-israel-hamas-war/45603594","2023-10-21 19:30:00","The fallout from the Israel - Hamas war has spilled into workplaces everywhere"
"https://www.nbclosangeles.com/news/national-international/company-bosses-and-workers-grapple-with-the-fallout-of-speaking-up-about-the-israel-hamas-war/3249337/","https://www.nbclosangeles.com/news/national-international/company-bosses-and-workers-grapple-with-the-fallout-of-speaking-up-about-the-israel-hamas-war/3249337/?amp=1","2023-10-21 19:30:00","Fallout from speaking up about Israel - Hamas war affects company bosses , workers – NBC Los Angeles"
"https://www.wgal.com/article/company-bosses-and-workers-grapple-with-the-fallout-of-speaking-up-about-the-israel-hamas-war/45603594","https://www.wgal.com/amp/article/company-bosses-and-workers-grapple-with-the-fallout-of-speaking-up-about-the-israel-hamas-war/45603594","2023-10-21 19:30:00","The fallout from the Israel - Hamas war has spilled into workplaces everywhere"
"https://www.wvtm13.com/article/company-bosses-and-workers-grapple-with-the-fallout-of-speaking-up-about-the-israel-hamas-war/45603594","https://www.wvtm13.com/amp/article/company-bosses-and-workers-grapple-with-the-fallout-of-speaking-up-about-the-israel-hamas-war/45603594","2023-10-21 19:30:00","The fallout from the Israel - Hamas war has spilled into workplaces everywhere"
"https://www.stripes.com/theaters/us/2023-10-21/companies-fallout-speaking-israel-hamas-war-11777354.html","","2023-10-21 18:45:00","Company bosses and workers grapple with the fallout of speaking up about the Israel - Hamas war"
"https://www.nbcsandiego.com/news/national-international/company-bosses-and-workers-grapple-with-the-fallout-of-speaking-up-about-the-israel-hamas-war/3334050/","https://www.nbcsandiego.com/news/national-international/company-bosses-and-workers-grapple-with-the-fallout-of-speaking-up-about-the-israel-hamas-war/3334050/?amp=1","2023-10-21 18:45:00","Fallout from speaking up about Israel - Hamas war affects company bosses , workers – NBC 7 San Diego"
"https://www.postregister.com/news/national/company-bosses-and-workers-grapple-with-the-fallout-of-speaking-up-about-the-israel-hamas/article_7316e09d-684c-56a6-a462-77ca97b55247.html","https://www.postregister.com/businessreport/business/company-bosses-and-workers-grapple-with-the-fallout-of-speaking-up-about-the-israel-hamas/article_7316e09d-684c-56a6-a462-77ca97b55247.amp.html","2023-10-21 18:00:00","Company bosses and workers grapple with the fallout of speaking up about the Israel - Hamas war"
"https://www.wbaltv.com/article/company-bosses-and-workers-grapple-with-the-fallout-of-speaking-up-about-the-israel-hamas-war/45603594","https://www.wbaltv.com/amp/article/company-bosses-and-workers-grapple-with-the-fallout-of-speaking-up-about-the-israel-hamas-war/45603594","2023-10-21 18:00:00","The fallout from the Israel - Hamas war has spilled into workplaces everywhere"
"https://www.kcci.com/article/company-bosses-and-workers-grapple-with-the-fallout-of-speaking-up-about-the-israel-hamas-war/45603594","https://www.kcci.com/amp/article/company-bosses-and-workers-grapple-with-the-fallout-of-speaking-up-about-the-israel-hamas-war/45603594","2023-10-21 18:00:00","The fallout from the Israel - Hamas war has spilled into workplaces everywhere"
"https://www.mynbc5.com/article/company-bosses-and-workers-grapple-with-the-fallout-of-speaking-up-about-the-israel-hamas-war/45603594","https://www.mynbc5.com/amp/article/company-bosses-and-workers-grapple-with-the-fallout-of-speaking-up-about-the-israel-hamas-war/45603594","2023-10-21 18:00:00","The fallout from the Israel - Hamas war has spilled into workplaces everywhere"
"https://santamariatimes.com/news/state-and-regional/company-bosses-and-workers-grapple-with-the-fallout-of-speaking-up-about-the-israel-hamas/article_d167d853-65dd-5518-8969-50271dcdf47d.html","https://santamariatimes.com/news/national/company-bosses-and-workers-grapple-with-the-fallout-of-speaking-up-about-the-israel-hamas/article_d167d853-65dd-5518-8969-50271dcdf47d.amp.html","2023-10-21 17:00:00","Company bosses and workers grapple with the fallout of speaking up about the Israel - Hamas war"
"https://www.durangoherald.com/articles/company-bosses-and-workers-grapple-with-the-fallout-of-speaking-up-about-the-israel-hamas-war/","","2023-10-21 17:00:00","Company bosses and workers grapple with the fallout of speaking up about the Israel - Hamas war"
"https://www.wtkr.com/israel-hamas-conflict-creating-culture-wars-among-americans","","2023-10-21 17:00:00","Israel - Hamas conflict creating culture wars among Americans"
"http://www.capitalgazette.com/business/ct-biz-company-response-israel-hamas-20231021-lzcgdk4kgzb3tc7hjepyq37pey-story.html","","2023-10-21 17:00:00","Companies grapple with fallout of speaking about Israel and Hamas"
"https://www.startribune.com/company-bosses-and-workers-grapple-with-the-fallout-of-speaking-up-about-the-israel-hamas-war/600313827/","https://m.startribune.com/company-bosses-and-workers-grapple-with-the-fallout-of-speaking-up-about-the-israel-hamas-war/600313827/","2023-10-21 17:00:00","Company bosses and workers grapple with the fallout of speaking up about the Israel - Hamas war"
"http://www.baltimoresun.com/business/ct-biz-company-response-israel-hamas-20231021-lzcgdk4kgzb3tc7hjepyq37pey-story.html","","2023-10-21 16:30:00","Companies grapple with fallout of speaking about Israel and Hamas"
"https://accesswdun.com/article/2023/10/1210451","","2023-10-21 16:30:00","Company bosses and workers grapple with the fallout of ... "
"https://www.courant.com/2023/10/21/company-bosses-and-workers-grapple-with-the-fallout-of-speaking-up-about-the-israel-hamas-war/","","2023-10-21 16:30:00","Company bosses and workers grapple with the fallout of speaking up about the Israel - Hamas war"
"https://www.newsday.com/business/company-bosses-and-workers-grapple-with-the-fallout-of-speaking-up-about-the-israel-hamas-war-sw0n3rld","https://www.newsday.com/amp/business/company-bosses-and-workers-grapple-with-the-fallout-of-speaking-up-about-the-israel-hamas-war-sw0n3rld","2023-10-21 16:00:00","Company bosses and workers grapple with the fallout of speaking up about the Israel - Hamas war"
"https://www.bakersfield.com/ap/news/company-bosses-and-workers-grapple-with-the-fallout-of-speaking-up-about-the-israel-hamas/article_d2c47018-18f1-5c9c-86bd-3fe58d1d6db7.html","https://www.bakersfield.com/ap/news/company-bosses-and-workers-grapple-with-the-fallout-of-speaking-up-about-the-israel-hamas/article_d2c47018-18f1-5c9c-86bd-3fe58d1d6db7.amp.html","2023-10-21 15:45:00","Company bosses and workers grapple with the fallout of speaking up about the Israel - Hamas war"
"https://www.news-gazette.com/news/nation-world/company-bosses-and-workers-grapple-with-the-fallout-of-speaking-up-about-the-israel-hamas/article_c985c2c7-3a7a-52b9-9ee5-2ebcce029954.html","","2023-10-21 15:45:00","Company bosses and workers grapple with the fallout of speaking up about the Israel - Hamas war"
"https://www.yankton.net/news/national_ap/article_9014ea4b-37bf-53a7-a796-f009660f6c37.html","","2023-10-21 15:45:00","Company bosses and workers grapple with the fallout of speaking up about the Israel - Hamas war"
"https://www.oskaloosa.com/news/national_news/company-bosses-and-workers-grapple-with-the-fallout-of-speaking-up-about-the-israel-hamas/article_57302cc0-1009-5cad-ab3c-8f8f90d808ab.html","","2023-10-21 15:30:00","Company bosses and workers grapple with the fallout of speaking up about the Israel - Hamas war"
"https://www.benningtonbanner.com/ap/national/company-bosses-and-workers-grapple-with-the-fallout-of-speaking-up-about-the-israel-hamas/article_eb8cda44-6771-546f-8223-a122e5075dd0.html","","2023-10-21 15:30:00","Company bosses and workers grapple with the fallout of speaking up about the Israel - Hamas war"
"https://www.wfmj.com/story/49869176/company-bosses-and-workers-grapple-with-the-fallout-of-speaking-up-about-the-israel-hamas-war","","2023-10-21 15:30:00","Company bosses and workers grapple with the fallout of speaking up about the Israel - Hamas war"
"https://www.ottumwacourier.com/news/national_news/company-bosses-and-workers-grapple-with-the-fallout-of-speaking-up-about-the-israel-hamas/article_7f645bfe-ce29-5a89-8539-7a9e42c496a9.html","","2023-10-21 15:30:00","Company bosses and workers grapple with the fallout of speaking up about the Israel - Hamas war"
"https://www.delcotimes.com/2023/10/21/a-war-of-their-own-company-bosses-workers-grapple-with-fallout-of-speaking-up-about-israel-hamas-conflict/","https://www.delcotimes.com/2023/10/21/a-war-of-their-own-company-bosses-workers-grapple-with-fallout-of-speaking-up-about-israel-hamas-conflict/amp/","2023-10-21 15:00:00","A war of their own : Company bosses , workers grapple with fallout of speaking up about Israel - Hamas conflict"
"https://www.kiro7.com/news/company-bosses/SDOOEYNE3RREOYKJMJD5F2S7L4/","https://www.kiro7.com/news/company-bosses/SDOOEYNE3RREOYKJMJD5F2S7L4/?outputType=amp","2023-10-21 15:00:00","Company bosses and workers grapple with the fallout of speaking up about the Israel - Hamas war"
"https://www.springfieldnewssun.com/nation-world/company-bosses-and-workers-grapple-with-the-fallout-of-speaking-up-about-the-israel-hamas-war/FD2URLM6XJHTJK3XDBI4G2MCXI/","https://www.daytondailynews.com/nation-world/company-bosses-and-workers-grapple-with-the-fallout-of-speaking-up-about-the-israel-hamas-war/FD2URLM6XJHTJK3XDBI4G2MCXI/?outputType=amp","2023-10-21 14:30:00","Company bosses and workers grapple with the fallout of speaking up about the Israel - Hamas war"
"https://www.wdtimes.com/news/national/company-bosses-and-workers-grapple-with-the-fallout-of-speaking-up-about-the-israel-hamas/article_8ca429ed-1da1-5223-ab0f-6d7bb0c6ac54.html","","2023-10-21 14:00:00","Company bosses and workers grapple with the fallout of speaking up about the Israel - Hamas war"
"https://kdhnews.com/news/nation/company-bosses-and-workers-grapple-with-the-fallout-of-speaking-up-about-the-israel-hamas/article_9ff0f842-f403-541d-b1c9-30f1dffbb7f2.html","","2023-10-21 14:00:00","Company bosses and workers grapple with the fallout of speaking up about the Israel - Hamas war"
"https://www.click2houston.com/business/2023/10/21/company-bosses-and-workers-grapple-with-the-fallout-of-speaking-up-about-the-israel-hamas-war/","","2023-10-21 13:45:00","Company bosses and workers grapple with the fallout of speaking up about the Israel - Hamas war"
"https://www.gazettextra.com/news/nation_world/company-bosses-and-workers-grapple-with-the-fallout-of-speaking-up-about-the-israel-hamas/article_7017dfa2-2708-5ba5-b829-8adb0283db19.html","","2023-10-21 13:45:00","Company bosses and workers grapple with the fallout of speaking up about the Israel - Hamas war"
"https://www.elpasoinc.com/company-bosses-and-workers-grapple-with-the-fallout-of-speaking-up-about-the-israel-hamas/article_edfed851-0d82-564f-a97a-3e614d3098a6.html","","2023-10-21 13:45:00","Company bosses and workers grapple with the fallout of speaking up about the Israel - Hamas war"
"https://www.bozemandailychronicle.com/ap_news/business/company-bosses-and-workers-grapple-with-the-fallout-of-speaking-up-about-the-israel-hamas/article_92383a03-a97b-55ea-8cb2-f0be61366724.html","https://www.bozemandailychronicle.com/ap_news/business/company-bosses-and-workers-grapple-with-the-fallout-of-speaking-up-about-the-israel-hamas/article_92383a03-a97b-55ea-8cb2-f0be61366724.amp.html","2023-10-21 12:45:00","Company bosses and workers grapple with the fallout of speaking up about the Israel - Hamas war"
"https://finance.yahoo.com/news/company-bosses-workers-grapple-fallout-111903821.html","https://finance.yahoo.com/amphtml/news/company-bosses-workers-grapple-fallout-111903821.html","2023-10-21 12:45:00","Company bosses and workers grapple with the fallout of speaking up about the Israel - Hamas war"
"https://www.whec.com/national-world/company-bosses-and-workers-grapple-with-the-fallout-of-speaking-up-about-the-israel-hamas-war/","","2023-10-21 12:45:00","Company bosses and workers grapple with the fallout of speaking up about the Israel - Hamas war"
"https://www.journal-news.com/nation-world/company-bosses-and-workers-grapple-with-the-fallout-of-speaking-up-about-the-israel-hamas-war/FD2URLM6XJHTJK3XDBI4G2MCXI/","https://www.daytondailynews.com/nation-world/company-bosses-and-workers-grapple-with-the-fallout-of-speaking-up-about-the-israel-hamas-war/FD2URLM6XJHTJK3XDBI4G2MCXI/?outputType=amp","2023-10-21 12:45:00","Company bosses and workers grapple with the fallout of speaking up about the Israel - Hamas war"
"https://www.local10.com/business/2023/10/21/company-bosses-and-workers-grapple-with-the-fallout-of-speaking-up-about-the-israel-hamas-war/","","2023-10-21 12:45:00","Company bosses and workers grapple with the fallout of speaking up about the Israel - Hamas war"
"https://www.wsbradio.com/news/company-bosses/SDOOEYNE3RREOYKJMJD5F2S7L4/","https://www.wsbradio.com/news/company-bosses/SDOOEYNE3RREOYKJMJD5F2S7L4/?outputType=amp","2023-10-21 12:45:00","Company bosses and workers grapple with the fallout of speaking up about the Israel - Hamas war"
"https://apnews.com/article/israel-hamas-war-palestinians-companies-harvard-daecf3a387a689339dc41f35b773e063","","2023-10-21 12:15:00","Company bosses and workers grapple with the fallout of speaking up about the Israel - Hamas war"
"https://abcnews.go.com/US/wireStory/company-bosses-workers-grapple-fallout-speaking-israel-hamas-104192704","https://abcnews.go.com/amp/US/wireStory/company-bosses-workers-grapple-fallout-speaking-israel-hamas-104192704","2023-10-21 12:15:00","Company bosses and workers grapple with the fallout of speaking up about the Israel - Hamas war"
"https://isp.netscape.com/news/story/0001/20231021/daecf3a387a689339dc41f35b773e063","","2023-10-21 12:15:00","Company bosses and workers grapple with the fallout of speaking up about the Israel - Hamas war"
"https://buffalonews.com/business/company-bosses-and-workers-grapple-with-the-fallout-of-speaking-up-about-the-israel-hamas/article_cc15ae17-832b-5220-87f8-b6879472152c.html","","2023-10-21 12:15:00","Company bosses and workers grapple with the fallout of speaking up about the Israel - Hamas war"
"https://www.caledonianrecord.com/news/national/company-bosses-and-workers-grapple-with-the-fallout-of-speaking-up-about-the-israel-hamas/article_b6ae904a-28e1-5445-8242-24f6663ce228.html","","2023-10-21 12:15:00","Company bosses and workers grapple with the fallout of speaking up about the Israel - Hamas war"
"https://isp.netscape.com/pf/story/0001/20231021/daecf3a387a689339dc41f35b773e063","","2023-10-21 12:15:00","Company bosses and workers grapple with the fallout of speaking up about the Israel - Hamas war"
"https://isp.netscape.com/news/world/story/0001/20231021/daecf3a387a689339dc41f35b773e063","","2023-10-21 12:15:00","Company bosses and workers grapple with the fallout of speaking up about the Israel - Hamas war"
"https://www.smdailyjournal.com/business/company-bosses-and-workers-grapple-with-the-fallout-of-speaking-up-about-the-israel-hamas/article_cf97ca97-414a-5b81-ab81-753f4ede4be7.html","","2023-10-21 12:15:00","Company bosses and workers grapple with the fallout of speaking up about the Israel - Hamas war"
"https://news.yahoo.com/company-bosses-workers-grapple-fallout-111903512.html","https://news.yahoo.com/amphtml/company-bosses-workers-grapple-fallout-111903512.html","2023-10-21 11:45:00","Company bosses and workers grapple with the fallout of speaking up about the Israel - Hamas war"
"https://mynorthwest.com/3936112/company-bosses-and-workers-grapple-with-the-fallout-of-speaking-up-about-the-israel-hamas-war/","","2023-10-21 11:45:00","Company bosses and workers grapple with the fallout of speaking up about the Israel - Hamas war"
"https://www.10news.com/israel-hamas-conflict-creating-culture-wars-among-americans","","2023-10-21 05:00:00","Israel - Hamas conflict creating culture wars among Americans"
"https://www.vice.com/en/article/xgw7da/the-mcdonalds-global-empire-is-tearing-itself-apart-over-israel-palestine","","2023-10-20 20:45:00","The McDonald Global Empire Is Tearing Itself Apart Over Israel - Palestine"
"https://www.techdirt.com/2023/10/19/","","2023-10-20 20:15:00","19 October 2023 | Techdirt"
"https://wtop.com/national/2023/10/starbucks-sues-workers-united-union-saying-pro-palestinian-post-damaged-its-reputation/","","2023-10-20 13:45:00","Starbucks , Workers United union sue each other in standoff over pro - Palestinian social media post"
"https://www.newsweek.com/rob-schneider-lashes-out-starbucks-workers-amid-boycott-1836382","","2023-10-20 11:45:00","Rob Schneider Lashes Out at Starbucks Workers Amid Boycott Calls"
"https://www.decaturdaily.com/business/starbucks-workers-united-union-sue-each-other-in-standoff-over-pro-palestinian-social-media-post/article_375a6106-b423-598c-a887-66ef61859e08.html","","2023-10-20 07:30:00","Starbucks , Workers United union sue each other in standoff over pro - Palestinian social media post"
"https://www.techdirt.com/company/starbucks/","","2023-10-20 06:00:00","Starbucks stories at Techdirt . "
"https://fortune.com/2023/10/19/web-summit-paddy-cosgrave-fallout-israel-hamas-comments-case-study/","https://fortune.com/2023/10/19/web-summit-paddy-cosgrave-fallout-israel-hamas-comments-case-study/amp/","2023-10-19 23:45:00","Web Summit founder Israel Hamas comments : a case study in PR trainwrecks"
"https://kpq.com/ixp/1130/p/washington-state-starbucks-union-post/","","2023-10-19 23:30:00","Washington State Based Starbucks and Union at  War  Over Tweet"
"https://www.businessinsider.com/starbucks-sues-employee-union-over-logo-use-pro-palestinian-posts-2023-10","https://www.businessinsider.com/starbucks-sues-employee-union-over-logo-use-pro-palestinian-posts-2023-10?amp","2023-10-19 22:00:00","Starbucks Sues Employee Union Over Logo Use in Pro - Palestinian Social Media Posts"
"https://freebeacon.com/democrats/biden-praised-amazon-union-leader-who-celebrated-hamas-attacks/","","2023-10-19 21:30:00","Amazon Labor Union President Celebrates Hamas Attacks"
"https://www.ksl.com/article/50757588/starbucks-workers-united-union-sue-each-other-over-pro-palestinian-social-media-post","","2023-10-19 21:30:00","Starbucks , Workers United union sue each other over pro - Palestinian social media post"
"https://www.powerlineblog.com/archives/2023/10/how-to-save-gazan-lives.php","","2023-10-19 20:30:00","How to save Gazan lives"
"https://www.timesherald.com/2023/10/18/starbucks-workers-united-union-sue-each-other-in-standoff-over-pro-palestinian-social-media-post/","https://www.timesherald.com/2023/10/18/starbucks-workers-united-union-sue-each-other-in-standoff-over-pro-palestinian-social-media-post/amp/","2023-10-19 17:00:00","Starbucks , Workers United union sue each other in standoff over pro - Palestinian social media post"
"https://qz.com/starbucks-is-trying-to-distance-itself-from-union-worke-1850940423","","2023-10-19 16:15:00","Starbucks , Workers United spar over union Israel - Hamas stance"
"https://www.wfmynews2.com/article/news/nation-world/israel-hamas-conflict/starbucks-workers-united-union-sue-each-other/507-feda4064-09b2-4b91-841c-f951b2d2269a","https://www.wfmynews2.com/amp/article/news/nation-world/israel-hamas-conflict/starbucks-workers-united-union-sue-each-other/507-feda4064-09b2-4b91-841c-f951b2d2269a","2023-10-19 13:45:00","Starbucks sues Workers United union over social media post"
"https://www.10tv.com/article/news/nation-world/israel-hamas-conflict/starbucks-workers-united-union-sue-each-other/507-feda4064-09b2-4b91-841c-f951b2d2269a","https://www.10tv.com/amp/article/news/nation-world/israel-hamas-conflict/starbucks-workers-united-union-sue-each-other/507-feda4064-09b2-4b91-841c-f951b2d2269a","2023-10-19 13:00:00","Starbucks sues Workers United union over social media post"
"https://www.kare11.com/article/news/nation-world/israel-hamas-conflict/starbucks-workers-united-union-sue-each-other/507-feda4064-09b2-4b91-841c-f951b2d2269a","https://www.kare11.com/amp/article/news/nation-world/israel-hamas-conflict/starbucks-workers-united-union-sue-each-other/507-feda4064-09b2-4b91-841c-f951b2d2269a","2023-10-19 12:45:00","Starbucks sues Workers United union over social media post"
"https://www.ksdk.com/article/news/nation-world/israel-hamas-conflict/starbucks-workers-united-union-sue-each-other/507-feda4064-09b2-4b91-841c-f951b2d2269a","https://www.ksdk.com/amp/article/news/nation-world/israel-hamas-conflict/starbucks-workers-united-union-sue-each-other/507-feda4064-09b2-4b91-841c-f951b2d2269a","2023-10-19 12:45:00","Starbucks sues Workers United union over social media post"
"https://www.whas11.com/article/news/nation-world/israel-hamas-conflict/starbucks-workers-united-union-sue-each-other/507-feda4064-09b2-4b91-841c-f951b2d2269a","https://www.whas11.com/amp/article/news/nation-world/israel-hamas-conflict/starbucks-workers-united-union-sue-each-other/507-feda4064-09b2-4b91-841c-f951b2d2269a","2023-10-19 11:45:00","Starbucks sues Workers United union over social media post"
"http://www.hngn.com/articles/253101/20231018/starbucks-vs-workers-united-coffee-giant-new-union-sue-pro-palestine.htm","https://www.hngn.com/amp/articles/253101/20231018/starbucks-vs-workers-united-coffee-giant-new-union-sue-pro-palestine.htm","2023-10-19 11:30:00","Starbucks Vs . Starbucks Workers United : Coffee Giant , New Union Sue Each Other Over Pro - Palestine X Post"
"https://www.wzzm13.com/article/news/nation-world/israel-hamas-conflict/starbucks-workers-united-union-sue-each-other/507-feda4064-09b2-4b91-841c-f951b2d2269a","https://www.wzzm13.com/amp/article/news/nation-world/israel-hamas-conflict/starbucks-workers-united-union-sue-each-other/507-feda4064-09b2-4b91-841c-f951b2d2269a","2023-10-19 11:15:00","Starbucks sues Workers United union over social media post"
"https://www.cbsnews.com/news/starbucks-union-legal-battle-pro-palestinian-social-media-post/","https://www.cbsnews.com/amp/news/starbucks-union-legal-battle-pro-palestinian-social-media-post/","2023-10-19 10:30:00","Starbucks , union in legal battle over pro - Palestinian social media post"
"https://www.hngn.com/articles/253101/20231018/starbucks-vs-workers-united-coffee-giant-new-union-sue-pro-palestine.htm","https://www.hngn.com/amp/articles/253101/20231018/starbucks-vs-workers-united-coffee-giant-new-union-sue-pro-palestine.htm","2023-10-19 09:30:00","Starbucks Vs . Starbucks Workers United : Coffee Giant , New Union Sue Each Other Over Pro - Palestine X Post"
"https://www.wltx.com/article/news/nation-world/israel-hamas-conflict/starbucks-workers-united-union-sue-each-other/507-feda4064-09b2-4b91-841c-f951b2d2269a","https://www.wltx.com/amp/article/news/nation-world/israel-hamas-conflict/starbucks-workers-united-union-sue-each-other/507-feda4064-09b2-4b91-841c-f951b2d2269a","2023-10-19 09:15:00","Starbucks sues Workers United union over social media post"
"https://nbc16.com/news/local/starbucks-union-lawsuit-sue-workers-united-each-other-israel-palestine-palestinian-social-media-twitter-x-post-standoff-pro-coffee-seattle-washington-district-court","https://nbc16.com/amp/news/local/starbucks-union-lawsuit-sue-workers-united-each-other-israel-palestine-palestinian-social-media-twitter-x-post-standoff-pro-coffee-seattle-washington-district-court","2023-10-19 08:45:00","Starbucks , Workers United union sue each other in standoff over pro - Palestinian social media post"
"https://article.wn.com/view/2023/10/19/Starbucks_Workers_United_Union_Sue_Each_Other_Over_ProPalest/","","2023-10-19 07:45:00","Starbucks , Workers United Union Sue Each Other Over Pro - Palestinian Social Media Post"
"https://kval.com/news/local/starbucks-union-lawsuit-sue-workers-united-each-other-israel-palestine-palestinian-social-media-twitter-x-post-standoff-pro-coffee-seattle-washington-district-court","https://kval.com/amp/news/local/starbucks-union-lawsuit-sue-workers-united-each-other-israel-palestine-palestinian-social-media-twitter-x-post-standoff-pro-coffee-seattle-washington-district-court","2023-10-19 06:30:00","Starbucks , Workers United union sue each other in standoff over pro - Palestinian social media post"
"https://kcby.com/news/local/starbucks-union-lawsuit-sue-workers-united-each-other-israel-palestine-palestinian-social-media-twitter-x-post-standoff-pro-coffee-seattle-washington-district-court","https://kcby.com/amp/news/local/starbucks-union-lawsuit-sue-workers-united-each-other-israel-palestine-palestinian-social-media-twitter-x-post-standoff-pro-coffee-seattle-washington-district-court","2023-10-19 06:15:00","Starbucks , Workers United union sue each other in standoff over pro - Palestinian social media post"
"https://www.law360.com/articles/1734558","https://www.law360.com/amp/articles/1734558","2023-10-19 05:45:00","Starbucks , Union Duel Over IP After Pro - Palestine Tweets"
"https://www.abc10.com/article/news/nation-world/israel-hamas-conflict/starbucks-workers-united-union-sue-each-other/507-feda4064-09b2-4b91-841c-f951b2d2269a","https://www.abc10.com/amp/article/news/nation-world/israel-hamas-conflict/starbucks-workers-united-union-sue-each-other/507-feda4064-09b2-4b91-841c-f951b2d2269a","2023-10-19 05:45:00","Starbucks sues Workers United union over social media post"
"https://www.ktvb.com/article/news/nation-world/starbucks-workers-united-union-sue-each-other/507-feda4064-09b2-4b91-841c-f951b2d2269a","https://www.ktvb.com/amp/article/news/nation-world/starbucks-workers-united-union-sue-each-other/507-feda4064-09b2-4b91-841c-f951b2d2269a","2023-10-19 05:15:00","Starbucks sues Workers United union over social media post"
"https://finance.yahoo.com/news/starbucks-sues-workers-union-over-042841767.html","https://finance.yahoo.com/amphtml/news/starbucks-sues-workers-union-over-042841767.html","2023-10-19 05:00:00","Starbucks sues worker union over pro - Palestine social media post"
"https://katu.com/news/local/starbucks-union-lawsuit-sue-workers-united-each-other-israel-palestine-palestinian-social-media-twitter-x-post-standoff-pro-coffee-seattle-washington-district-court","https://katu.com/amp/news/local/starbucks-union-lawsuit-sue-workers-united-each-other-israel-palestine-palestinian-social-media-twitter-x-post-standoff-pro-coffee-seattle-washington-district-court","2023-10-19 04:30:00","Starbucks , Workers United union sue each other in standoff over pro - Palestinian social media post"
"https://www.wbir.com/article/news/nation-world/israel-hamas-conflict/starbucks-workers-united-union-sue-each-other/507-feda4064-09b2-4b91-841c-f951b2d2269a","https://www.wbir.com/amp/article/news/nation-world/israel-hamas-conflict/starbucks-workers-united-union-sue-each-other/507-feda4064-09b2-4b91-841c-f951b2d2269a","2023-10-19 03:45:00","Starbucks sues Workers United union over social media post"
"https://www.cbs19.tv/article/news/nation-world/israel-hamas-conflict/starbucks-workers-united-union-sue-each-other/507-feda4064-09b2-4b91-841c-f951b2d2269a","https://www.cbs19.tv/amp/article/news/nation-world/israel-hamas-conflict/starbucks-workers-united-union-sue-each-other/507-feda4064-09b2-4b91-841c-f951b2d2269a","2023-10-19 03:15:00","Starbucks sues Workers United union over social media post"
"https://www.12newsnow.com/article/news/nation-world/israel-hamas-conflict/starbucks-workers-united-union-sue-each-other/507-feda4064-09b2-4b91-841c-f951b2d2269a","https://www.12newsnow.com/amp/article/news/nation-world/israel-hamas-conflict/starbucks-workers-united-union-sue-each-other/507-feda4064-09b2-4b91-841c-f951b2d2269a","2023-10-19 03:15:00","Starbucks sues Workers United union over social media post"
"https://www.nydailynews.com/2023/10/18/starbucks-palestine-israel-sues-workers-united-union/","","2023-10-19 02:45:00","Starbucks , union sue each other over pro - Palestinian post"
"https://www.fox61.com/article/news/nation-world/israel-hamas-conflict/starbucks-workers-united-union-sue-each-other/507-feda4064-09b2-4b91-841c-f951b2d2269a","https://www.fox61.com/amp/article/news/nation-world/israel-hamas-conflict/starbucks-workers-united-union-sue-each-other/507-feda4064-09b2-4b91-841c-f951b2d2269a","2023-10-19 02:45:00","Starbucks sues Workers United union over social media post"
"https://www.springfieldnewssun.com/nation-world/starbucks-sues-workers-united-union-saying-pro-palestinian-post-damaged-its-reputation/AZNVLT3U7FB53C6UC3LSPPMEIA/","https://www.daytondailynews.com/nation-world/starbucks-sues-workers-united-union-saying-pro-palestinian-post-damaged-its-reputation/AZNVLT3U7FB53C6UC3LSPPMEIA/?outputType=amp","2023-10-19 02:30:00","Starbucks , Workers United union sue each other in standoff over pro - Palestinian social media post"
"https://www.courant.com/2023/10/18/starbucks-workers-united-union-sue-each-other-in-standoff-over-pro-palestinian-social-media-post/","","2023-10-19 01:15:00","Starbucks , Workers United union sue each other in standoff over pro - Palestinian social media post"
"https://dailyjournal.net/2023/10/18/starbucks-workers-united-union-sue-each-other-in-standoff-over-pro-palestinian-social-media-post/","","2023-10-19 01:15:00","Starbucks , Workers United union sue each other in standoff over pro - Palestinian social media post"
"https://www.thesunchronicle.com/business/starbucks-workers-united-union-sue-each-other-in-standoff-over-pro-palestinian-social-media-post/article_fb0f743e-71b3-50bd-a26f-d85da2a12fba.html","","2023-10-19 00:15:00","Starbucks , Workers United union sue each other in standoff over pro - Palestinian social media post"
"https://www.bostonglobe.com/2023/10/18/business/starbucks-sues-workers-united-union-saying-pro-palestinian-post-damaged-its-reputation/","","2023-10-18 23:00:00","Starbucks sues Workers United union , saying pro - Palestinian post damaged its reputation"
"https://inthesetimes.com/article/vincent-bevins-working-people","","2023-10-18 23:00:00","Mass Protest Hasnt Won the Change We Need . What Comes Next ? "
"https://www.newsweek.com/starbucks-sues-pro-hamas-baristas-union-1835966","","2023-10-18 22:30:00","Starbucks Sues Pro - Hamas Barista Union"
"https://abcnews.go.com/US/wireStory/starbucks-workers-united-union-sue-standoff-pro-palestinian-104110411","https://abcnews.go.com/amp/US/wireStory/starbucks-workers-united-union-sue-standoff-pro-palestinian-104110411","2023-10-18 22:15:00","Starbucks , Workers United union sue each other in standoff over pro - Palestinian social media post"
"https://www.caledonianrecord.com/news/national/starbucks-workers-united-union-sue-each-other-in-standoff-over-pro-palestinian-social-media-post/article_a9c0b47c-c85c-5b90-81a7-3c7dc512c720.html","","2023-10-18 22:15:00","Starbucks , Workers United union sue each other in standoff over pro - Palestinian social media post"
"https://abcnews.go.com/Business/wireStory/starbucks-workers-united-union-sue-standoff-pro-palestinian-104110422","https://abcnews.go.com/amp/Business/wireStory/starbucks-workers-united-union-sue-standoff-pro-palestinian-104110422","2023-10-18 22:00:00","Starbucks , Workers United union sue each other in standoff over pro - Palestinian social media post"
"https://www.bozemandailychronicle.com/ap_news/business/starbucks-sues-workers-united-union-saying-pro-palestinian-post-damaged-its-reputation/article_16551783-149a-5588-be13-671575daf3be.html","https://www.bozemandailychronicle.com/ap_news/business/starbucks-sues-workers-united-union-saying-pro-palestinian-post-damaged-its-reputation/article_16551783-149a-5588-be13-671575daf3be.amp.html","2023-10-18 21:45:00","Starbucks sues Workers United union , saying pro - Palestinian post damaged its reputation"
"https://www.kimt.com/news/iowa/starbucks-sues-workers-united-union-saying-pro-palestinian-post-damaged-its-reputation/article_dd9fafc3-946c-5bc3-a74b-9e76ecaabc8a.html","","2023-10-18 21:45:00","Starbucks sues Workers United union , saying pro - Palestinian post damaged its reputation"
"http://newtoncountytimes.com/stories/newton-county-times-outhouse-companion,115330","","2023-10-18 21:30:00","Newton County Time Outhouse Companion - Newton County Times"
"https://www.clickondetroit.com/business/2023/10/18/starbucks-sues-workers-united-union-saying-pro-palestinian-post-damaged-its-reputation/","","2023-10-18 21:15:00","Starbucks sues Workers United union , saying pro - Palestinian post damaged its reputation"
"https://www.clintonherald.com/news/national_news/starbucks-sues-workers-united-union-saying-pro-palestinian-post-damaged-its-reputation/article_ecb5faa7-77c2-57ba-a8ee-3c71ce2b36c1.html","https://www.clintonherald.com/news/national_news/starbucks-sues-workers-united-union-saying-pro-palestinian-post-damaged-its-reputation/article_ecb5faa7-77c2-57ba-a8ee-3c71ce2b36c1.amp.html","2023-10-18 21:15:00","Starbucks sues Workers United union , saying pro - Palestinian post damaged its reputation"
"https://apnews.com/article/starbucks-workers-united-union-lawsuit-israel-palestinian-f212a994fef67f122854a4df7e5d13f5","","2023-10-18 21:15:00","Starbucks sues Workers United union , saying pro - Palestinian post damaged its reputation"
"https://www.yourobserver.com/news/2023/oct/18/opinion-invincibly-ignorant/","","2023-10-18 10:00:00","Opinion : The invincibly ignorant | Your Observer"
"https://twitchy.com/brettt/2023/10/17/flashback-heres-mark-lamont-hill-cheering-the-revolutionary-struggle-from-ferguson-to-palestine-n2388670","https://twitchy.com/brettt/2023/10/17/flashback-heres-mark-lamont-hill-cheering-the-revolutionary-struggle-from-ferguson-to-palestine-n2388670/amp","2023-10-18 03:00:00","Flashback : Here Marc Lamont Hill Cheering the Revolutionary Struggle From  Ferguson to Palestine  "
"https://freerepublic.com/tag/*/index?more=4190345","","2023-10-17 22:15:00","Latest Articles"
"https://www.washingtontimes.com/news/2023/oct/17/saving-gazan-lives-would-require-only-two-words-we/","","2023-10-17 21:15:00","Saving Gazan lives would require only two words :  We surrender  "
"https://www.nrn.com/news/mcdonald-s-franchisees-and-starbucks-union-stir-controversy-public-stances-israel-and-hamas","","2023-10-16 23:45:00","How restaurants are responding to growing Israel - Palestine conflict"
"https://www.rttnews.com/story.aspx?Id=3396782","","2023-10-16 23:00:00","U . S . Stocks Close Higher As Investors Bet On Earnings Hopes"
"https://www.rttnews.com/3396782/u-s-stocks-close-higher-as-investors-bet-on-earnings-hopes.aspx","","2023-10-16 22:15:00","U . S . Stocks Close Higher As Investors Bet On Earnings Hopes"
"https://www.newsandtribune.com/opinion/dodd-column-autumn-festivals-remind-us-of-how-lucky-we-are/article_517b4d02-69d0-11ee-b5ec-b78c2f6f7281.html","","2023-10-15 16:00:00","DODD COLUMN : Autumn festivals remind us of how lucky we are"
"https://www.theepochtimes.com/opinion/cory-morgan-unions-have-no-business-being-anti-israel-activists-5510206","","2023-10-15 15:45:00","Cory Morgan : Unions Have No Business Being Anti - Israel Activists"
"https://www.breitbart.com:443/politics/2023/10/14/gorka-biden-vs-trump-war-vs-peace/","https://www.breitbart.com/politics/2023/10/14/gorka-biden-vs-trump-war-vs-peace/amp/","2023-10-15 03:30:00","Gorka : Biden vs . Trump ; War vs . Peace"
"https://www.nydailynews.com/2023/10/14/readers-sound-off-on-israels-asymmetric-warfare-biased-coverage-and-new-trash-bins/","","2023-10-14 07:30:00","Readers sound off on Israel asymmetric warfare , biased coverage and new trash bins"
"https://digg.com/","","2023-10-13 14:30:00","News and Trending Stories Around the Internet"
"https://twitchy.com/justmindy/2023/10/12/starbucks-responds-to-workers-union-solidarity-with-palestine-n2388486","https://twitchy.com/justmindy/2023/10/12/starbucks-responds-to-workers-union-solidarity-with-palestine-n2388486/amp","2023-10-13 02:00:00","Starbucks corporation responds to tweet pledging solidarity with Palestine from worker union"
"https://markets.businessinsider.com/news/etf/iran-s-involvement-in-israel-hamas-conflict-is-key-for-the-future-of-us-inflation-1032702108","","2023-10-12 22:15:00","Iran Involvement In Israel - Hamas Conflict Is Key For The Future Of US Inflation"
"https://www.lapd.com/article/lapd-increase-patrols-after-hamas-attack-ensuring-%E2%80%9C-safety-all","","2023-10-12 18:15:00","LAPD To Increase Patrols After Hamas Attack , Ensuring  The Safety Of All  | LAPPL - Los Angeles Police Protective League"
"https://www.tonyskansascity.com/2023/10/kansas-city-throttle-prez-bidens.html","","2023-10-11 16:15:00","Kansas City Throttle : Prez Biden Billions Debated , Kangaroo Gear & Traylor Fiction"
"https://freebeacon.com/democrats/starbucks-union-championed-by-bernie-sanders-and-aoc-celebrates-hamas-attacks/","","2023-10-09 23:45:00","Starbucks Union Championed by Bernie Sanders and AOC Celebrates Hamas Attacks"
"https://schema-root.org/people/families/members/","","2023-10-09 20:30:00","family members ( relatives ), Schema - Root news"
"https://www.eagletribune.com/opinion/editorials/our-view-2023-may-go-down-as-year-of-the-strike/article_66d409fe-63e6-11ee-b9dd-0fb4d5f95acd.html","","2023-10-07 17:45:00","Our View : 2023 may go down as  Year of the Strike  "
"http://newtoncountytimes.com/stories/newton-county-times-outhouse-companion,113455","","2023-10-05 00:45:00","Newton County Time Outhouse Companion - Newton County Times"
"https://www.ucg.org/beyond-today/beyond-today-television-program/philadelphia-the-faithful-church","","2023-09-30 18:30:00","Philadelphia : The Faithful Church"
"https://www.peoplesworld.org/article/in-historic-action-president-biden-joins-the-uaw-picket-line/","","2023-09-28 20:45:00","In historic action , President Biden joins the UAW picket line"
"https://www.harvardmagazine.com/2020/08/features-noah-feldman","","2023-09-27 17:45:00","Constitutional scholar Noah Feldman profiled by Lincoln Caplan"
"https://www.latintimes.com/these-brands-want-unleash-artistic-power-hispanic-pride-during-heritage-month-546408","","2023-09-19 21:45:00","These Brands Want to Unleash the Artistic Power of Hispanic Pride During Heritage Month"
"https://schema-root.org/people/societies/protests/","","2023-09-16 03:15:00","protests , Schema - Root news"
"https://www.greenfieldreporter.com/2023/09/14/community-briefs-296/","","2023-09-14 20:45:00","Community briefs - The Daily Reporter - Greenfield Indiana"
"https://schema-root.org/people/career/workers/","","2023-09-14 07:30:00","workers , Schema - Root news"
"https://georgetownvoice.com/2023/09/09/georgetowns-socially-responsible-investing-policy-means-nothing-without-accountability/","","2023-09-09 20:00:00","Georgetown Socially Responsible Investing policy means nothing without accountability"
"http://newtoncountytimes.com/stories/newton-county-times-outhouse-companion,109949","","2023-09-06 22:30:00","Newton County Time Outhouse Companion - Newton County Times"
"https://www.fool.com/investing/2023/08/26/retail-news-vegas-happenings-and-a-china-check-in/?source=iedfolrf0000001","","2023-08-26 13:45:00","Retail News , Vegas Happenings , and a China Check - In"
"https://www.tabletmag.com/sections/israel-middle-east/articles/putins-aliyah-is-in-danger-sharansky","/ampputins-aliyah-is-in-danger-sharansky","2023-08-21 06:15:00","Putin Aliyah Is in Danger - Tablet Magazine"
"https://libcom.org/article/anti-capitalism-ideology-and-movement","","2023-08-18 20:15:00","Anti - capitalism as an ideology … and as a movement ? "
"https://nypost.com/2023/08/16/gen-z-reclaims-the-word-hater-in-viral-anti-woke-backlash/","https://nypost.com/2023/08/16/gen-z-reclaims-the-word-hater-in-viral-anti-woke-backlash/amp/","2023-08-16 16:15:00","Gen Z reclaims the word  hater  in viral anti - woke backlash"
